{
  "mappedPoints": [
    {
      "easting": 323991.962,
      "northing": 6997809.205
    },
    {
      "easting": 294779.729,
      "northing": 7019267.796
    },
    {
      "easting": 344150.551,
      "northing": 7019781.896
    },
    {
      "easting": 328512.906,
      "northing": 6995615.494
    }
  ],
  "flipSum": [
    "114.375187 km",
    "78.125091 km",
    "28.840959 km"
  ],
  "distance": "114.375187 km",
  "legsSum": [
    "36.250096 km",
    "85.534229 km",
    "114.375187 km"
  ],
  "legs": [
    "36.250096 km",
    "49.284132 km",
    "28.840959 km"
  ],
  "mappedZones": [
    {
      "lngZone": 56,
      "latZone": "J"
    }
  ]
}
