{
  "mappedPoints": [
    {
      "easting": 323970.31,
      "northing": 6997780.888
    },
    {
      "easting": 294775.483,
      "northing": 7019254.205
    },
    {
      "easting": 344160.627,
      "northing": 7019763.055
    },
    {
      "easting": 328512.906,
      "northing": 6995615.494
    }
  ],
  "flipSum": [
    "114.373786 km",
    "78.128881 km",
    "28.830508 km"
  ],
  "distance": "114.373786 km",
  "legsSum": [
    "36.244905 km",
    "85.543278 km",
    "114.373786 km"
  ],
  "legs": [
    "36.244905 km",
    "49.298373 km",
    "28.830508 km"
  ],
  "mappedZones": [
    {
      "lngZone": 56,
      "latZone": "J"
    }
  ]
}
