{
  "mappedPoints": [
    {
      "easting": 323991.623,
      "northing": 6997808.702
    },
    {
      "easting": 294779.635,
      "northing": 7019267.795
    },
    {
      "easting": 344150.681,
      "northing": 7019781.898
    },
    {
      "easting": 328512.932,
      "northing": 6995615.476
    }
  ],
  "flipSum": [
    "114.375585 km",
    "78.125386 km",
    "28.841031 km"
  ],
  "distance": "114.375585 km",
  "legsSum": [
    "36.250199 km",
    "85.534554 km",
    "114.375585 km"
  ],
  "legs": [
    "36.250199 km",
    "49.284355 km",
    "28.841031 km"
  ],
  "mappedZones": [
    {
      "lngZone": 56,
      "latZone": "J"
    }
  ]
}
