{
  "mappedPoints": [
    {
      "easting": 325986.969,
      "northing": 6999355.217
    },
    {
      "easting": 311559.046,
      "northing": 7032004.042
    },
    {
      "easting": 293264.707,
      "northing": 7019843.162
    },
    {
      "easting": 327149.361,
      "northing": 6995353.766
    }
  ],
  "flipSum": [
    "99.562347 km",
    "63.770703 km",
    "41.810224 km"
  ],
  "distance": "99.562347 km",
  "legsSum": [
    "35.791644 km",
    "57.752123 km",
    "99.562347 km"
  ],
  "legs": [
    "35.791644 km",
    "21.960479 km",
    "41.810224 km"
  ],
  "mappedZones": [
    {
      "lngZone": 56,
      "latZone": "J"
    }
  ]
}
