{
  "mappedPoints": [
    {
      "easting": 325987.569,
      "northing": 6999355.489
    },
    {
      "easting": 311599.749,
      "northing": 7031991.67
    },
    {
      "easting": 293264.737,
      "northing": 7019844.585
    },
    {
      "easting": 327157.705,
      "northing": 6995365.353
    }
  ],
  "flipSum": [
    "99.561444 km",
    "63.797512 km",
    "41.810943 km"
  ],
  "distance": "99.561444 km",
  "legsSum": [
    "35.763932 km",
    "57.750501 km",
    "99.561444 km"
  ],
  "legs": [
    "35.763932 km",
    "21.986569 km",
    "41.810943 km"
  ],
  "mappedZones": [
    {
      "lngZone": 56,
      "latZone": "J"
    }
  ]
}
