{
  "mappedPoints": [
    {
      "easting": 325987.569,
      "northing": 6999355.489
    },
    {
      "easting": 311558.673,
      "northing": 7032004.036
    },
    {
      "easting": 293264.707,
      "northing": 7019843.162
    },
    {
      "easting": 327149.373,
      "northing": 6995353.785
    }
  ],
  "flipSum": [
    "99.562167 km",
    "63.770387 km",
    "41.810221 km"
  ],
  "distance": "99.562167 km",
  "legsSum": [
    "35.791780 km",
    "57.751946 km",
    "99.562167 km"
  ],
  "legs": [
    "35.791780 km",
    "21.960166 km",
    "41.810221 km"
  ],
  "mappedZones": [
    {
      "lngZone": 56,
      "latZone": "J"
    }
  ]
}
