{
  "mappedPoints": [
    {
      "easting": 324242.828,
      "northing": 6998109.661
    },
    {
      "easting": 295494.456,
      "northing": 7023943.589
    },
    {
      "easting": 321378.912,
      "northing": 7027203.604
    },
    {
      "easting": 327758.906,
      "northing": 6995753.863
    }
  ],
  "flipSum": [
    "96.914887 km",
    "58.240663 km",
    "32.198462 km"
  ],
  "distance": "96.914887 km",
  "legsSum": [
    "38.674224 km",
    "64.716425 km",
    "96.914887 km"
  ],
  "legs": [
    "38.674224 km",
    "26.042201 km",
    "32.198462 km"
  ],
  "mappedZones": [
    {
      "lngZone": 56,
      "latZone": "J"
    }
  ]
}
