{
  "mappedPoints": [
    {
      "easting": 324243.257,
      "northing": 6998110.191
    },
    {
      "easting": 295499.71,
      "northing": 7023943.674
    },
    {
      "easting": 321345.094,
      "northing": 7027226.914
    },
    {
      "easting": 327758.921,
      "northing": 6995753.867
    }
  ],
  "flipSum": [
    "96.904886 km",
    "58.234534 km",
    "32.228085 km"
  ],
  "distance": "96.904886 km",
  "legsSum": [
    "38.670352 km",
    "64.676801 km",
    "96.904886 km"
  ],
  "legs": [
    "38.670352 km",
    "26.006449 km",
    "32.228085 km"
  ],
  "mappedZones": [
    {
      "lngZone": 56,
      "latZone": "J"
    }
  ]
}
