{
  "mappedPoints": [
    {
      "easting": 324255.238,
      "northing": 6998123.398
    },
    {
      "easting": 295467.956,
      "northing": 7023841.716
    },
    {
      "easting": 322086.495,
      "northing": 7026674.755
    },
    {
      "easting": 327794.024,
      "northing": 6995760.669
    }
  ],
  "flipSum": [
    "96.889354 km",
    "58.263928 km",
    "31.543520 km"
  ],
  "distance": "96.889354 km",
  "legsSum": [
    "38.625426 km",
    "65.345834 km",
    "96.889354 km"
  ],
  "legs": [
    "38.625426 km",
    "26.720407 km",
    "31.543520 km"
  ],
  "mappedZones": [
    {
      "lngZone": 56,
      "latZone": "J"
    }
  ]
}
